gene	baseMean	log2FoldChange	lfcSE	stat	pvalue	padj
ENSG00000160191	76937.43990773366	3.07241360548703	0.15542225863114953	19.76816983967868	5.5969760413065955e-87	1.2817075134592104e-84
ENSG00000154734	22865.5465812	3.442410032928922	0.17954885619591657	19.17255339779331	6.27518172070995e-82	7.185083070212893e-80
ENSG00000154723	7344.002209557488	2.5827100074092297	0.1640466042426625	15.743757814022226	7.580508707887421e-56	5.786454980354064e-54
ENSG00000180509	30232.723132937233	2.944117154754611	0.2002130904319486	14.704918386719083	5.9943147727058026e-49	3.431745207374072e-47
ENSG00000183145	9994.801764944317	2.8915113942058155	0.24899639358842265	11.612663752011304	3.553694900220224e-31	1.6275922643008625e-29
ENSG00000276289	11795.593995491536	2.860663947036454	0.4651081392860581	6.150535123783425	7.722195424846661e-10	2.9473045871498087e-8
ENSG00000277277	724.5096729891716	0.9286918832200278	0.2638768962593962	3.519413394597098	0.00043250221649207944	0.014149001082383742
